Waypoint,Zone,Lat,Long,Site,Season,Tide_time,Tide,Time,Temp_in,Salinity,Phosphate,pH,TA,percent_sgd,Variables,Values,mean_of_values
1,Transition,21.27531,-157.76181,W,FALL,Low_Day,Low,Day,25.46666036,32.33384864,0.19,8.094,2219.095298,6.900516796,Silicate,53.41,24.96975
1,Transition,21.27531,-157.76181,W,FALL,Low_Day,Low,Day,25.46666036,32.33384864,0.19,8.094,2219.095298,6.900516796,NN,1.02,2.604625
2,Transition,21.27523,-157.76265,W,FALL,Low_Day,Low,Day,24.83646091,29.68899134,0.38,8.096,2180.930839,14.67571059,Silicate,113.59,24.96975
2,Transition,21.27523,-157.76265,W,FALL,Low_Day,Low,Day,24.83646091,29.68899134,0.38,8.096,2180.930839,14.67571059,NN,5.83,2.604625
3,Transition,21.27504,-157.76328,W,FALL,Low_Day,Low,Day,25.26714707,31.27467514,0.27,8.192,2199.619975,10.01421189,Silicate,77.51,24.96975
3,Transition,21.27504,-157.76328,W,FALL,Low_Day,Low,Day,25.26714707,31.27467514,0.27,8.192,2199.619975,10.01421189,NN,2.45,2.604625
4,Transition,21.27449,-157.76402,W,FALL,Low_Day,Low,Day,25.90683954,34.25750108,0.08,8.149,2245.963283,1.245478036,Silicate,9.64,24.96975
4,Transition,21.27449,-157.76402,W,FALL,Low_Day,Low,Day,25.90683954,34.25750108,0.08,8.149,2245.963283,1.245478036,NN,0.27,2.604625
5,Diffuse,21.27503,-157.7617,W,FALL,Low_Day,Low,Day,25.21517828,32.71840333,0.19,8.083,2212.273427,5.77002584,Silicate,44.66,24.96975
5,Diffuse,21.27503,-157.7617,W,FALL,Low_Day,Low,Day,25.21517828,32.71840333,0.19,8.083,2212.273427,5.77002584,NN,1.33,2.604625
6,Diffuse,21.27485,-157.76234,W,FALL,Low_Day,Low,Day,25.82009286,34.21926536,0.09,8.109,2244.687113,1.357881137,Silicate,10.51,24.96975
6,Diffuse,21.27485,-157.76234,W,FALL,Low_Day,Low,Day,25.82009286,34.21926536,0.09,8.109,2244.687113,1.357881137,NN,0.29,2.604625
7,Diffuse,21.27463,-157.76318,W,FALL,Low_Day,Low,Day,25.76804737,34.49526575,0.07,8.088,2256.437492,0.546511628,Silicate,4.23,24.96975
7,Diffuse,21.27463,-157.76318,W,FALL,Low_Day,Low,Day,25.76804737,34.49526575,0.07,8.088,2256.437492,0.546511628,NN,0.21,2.604625
8,Diffuse,21.27436,-157.76364,W,FALL,Low_Day,Low,Day,25.83356331,34.50361608,0.06,8.077,2247.179605,0.521963824,Silicate,4.04,24.96975
8,Diffuse,21.27436,-157.76364,W,FALL,Low_Day,Low,Day,25.83356331,34.50361608,0.06,8.077,2247.179605,0.521963824,NN,0.17,2.604625
9,Diffuse,21.27456,-157.76126,W,FALL,Low_Day,Low,Day,26.78995211,34.49746321,0.05,8.03,2242.012856,0.54005168,Silicate,4.18,24.96975
9,Diffuse,21.27456,-157.76126,W,FALL,Low_Day,Low,Day,26.78995211,34.49746321,0.05,8.03,2242.012856,0.54005168,NN,0.17,2.604625
10,Diffuse,21.27427,-157.76208,W,FALL,Low_Day,Low,Day,26.08314479,34.54976265,0.04,8.072,2240.889093,0.38630491,Silicate,2.99,24.96975
10,Diffuse,21.27427,-157.76208,W,FALL,Low_Day,Low,Day,26.08314479,34.54976265,0.04,8.072,2240.889093,0.38630491,NN,0.25,2.604625
11,Diffuse,21.27399,-157.76295,W,FALL,Low_Day,Low,Day,25.95708185,34.57569262,0.06,8.042,2239.283896,0.310077519,Silicate,2.4,24.96975
11,Diffuse,21.27399,-157.76295,W,FALL,Low_Day,Low,Day,25.95708185,34.57569262,0.06,8.042,2239.283896,0.310077519,NN,0.14,2.604625
12,Diffuse,21.27377,-157.76344,W,FALL,Low_Day,Low,Day,25.89532258,34.57832957,0.1,8.048,2254.849699,0.302325581,Silicate,2.34,24.96975
12,Diffuse,21.27377,-157.76344,W,FALL,Low_Day,Low,Day,25.89532258,34.57832957,0.1,8.048,2254.849699,0.302325581,NN,0.18,2.604625
13,Ambient,21.27353,-157.76089,W,FALL,Low_Day,Low,Day,26.48281306,34.60953343,0.07,8.091,2266.405711,0.210594315,Silicate,1.63,24.96975
13,Ambient,21.27353,-157.76089,W,FALL,Low_Day,Low,Day,26.48281306,34.60953343,0.07,8.091,2266.405711,0.210594315,NN,0.13,2.604625
14,Ambient,21.27328,-157.76164,W,FALL,Low_Day,Low,Day,26.1885656,34.58843786,0.08,8.086,2249.929778,0.272609819,Silicate,2.11,24.96975
14,Ambient,21.27328,-157.76164,W,FALL,Low_Day,Low,Day,26.1885656,34.58843786,0.08,8.086,2249.929778,0.272609819,NN,0.17,2.604625
15,Ambient,21.27309,-157.76244,W,FALL,Low_Day,Low,Day,25.90139646,34.58536142,0.09,8.077,2268.266354,0.281653747,Silicate,2.18,24.96975
15,Ambient,21.27309,-157.76244,W,FALL,Low_Day,Low,Day,25.90139646,34.58536142,0.09,8.077,2268.266354,0.281653747,NN,0.13,2.604625
16,Ambient,21.27288,-157.76306,W,FALL,Low_Day,Low,Day,25.91379523,34.59195379,0.06,8.023,2273.234331,0.262273902,Silicate,2.03,24.96975
16,Ambient,21.27288,-157.76306,W,FALL,Low_Day,Low,Day,25.91379523,34.59195379,0.06,8.023,2273.234331,0.262273902,NN,0.1,2.604625
17,Ambient,21.27254,-157.76073,W,FALL,Low_Day,Low,Day,26.7705343,34.60294107,0.09,8.169,2238.606606,0.22997416,Silicate,1.78,24.96975
17,Ambient,21.27254,-157.76073,W,FALL,Low_Day,Low,Day,26.7705343,34.60294107,0.09,8.169,2238.606606,0.22997416,NN,0.13,2.604625
18,Ambient,21.27214,-157.76118,W,FALL,Low_Day,Low,Day,26.93993178,34.61788376,0.1,8.139,2243.843064,0.186046512,Silicate,1.44,24.96975
18,Ambient,21.27214,-157.76118,W,FALL,Low_Day,Low,Day,26.93993178,34.61788376,0.1,8.139,2243.843064,0.186046512,NN,0.11,2.604625
19,Ambient,21.27206,-157.76196,W,FALL,Low_Day,Low,Day,27.40983169,34.59766717,0.1,8.113,2246.937582,0.245478036,Silicate,1.9,24.96975
19,Ambient,21.27206,-157.76196,W,FALL,Low_Day,Low,Day,27.40983169,34.59766717,0.1,8.113,2246.937582,0.245478036,NN,0.1,2.604625
20,Ambient,21.27185,-157.76279,W,FALL,Low_Day,Low,Day,27.8797316,34.59766717,0.1,8.045,2263.827588,0.245478036,Silicate,1.9,24.96975
20,Ambient,21.27185,-157.76279,W,FALL,Low_Day,Low,Day,27.8797316,34.59766717,0.1,8.045,2263.827588,0.245478036,NN,0.1,2.604625
1,Transition,21.27531,-157.76181,W,FALL,High_Day,High,Day,27.12962167,34.4882339,0.09,8.078,2245.104438,0.567183463,Silicate,4.39,4.252375
1,Transition,21.27531,-157.76181,W,FALL,High_Day,High,Day,27.12962167,34.4882339,0.09,8.078,2245.104438,0.567183463,NN,0.22,0.39575
2,Transition,21.27523,-157.76265,W,FALL,High_Day,High,Day,26.89176305,34.4438453,0.09,8.147,2240.358874,0.697674419,Silicate,5.4,4.252375
2,Transition,21.27523,-157.76265,W,FALL,High_Day,High,Day,26.89176305,34.4438453,0.09,8.147,2240.358874,0.697674419,NN,0.23,0.39575
3,Transition,21.27504,-157.76328,W,FALL,High_Day,High,Day,27.19561155,34.41527838,0.1,8.129,2226.132597,0.781653747,Silicate,6.05,4.252375
3,Transition,21.27504,-157.76328,W,FALL,High_Day,High,Day,27.19561155,34.41527838,0.1,8.129,2226.132597,0.781653747,NN,0.3,0.39575
4,Transition,21.27449,-157.76402,W,FALL,High_Day,High,Day,27.88902331,34.43945039,0.08,8.173,2220.053441,0.710594315,Silicate,5.5,4.252375
4,Transition,21.27449,-157.76402,W,FALL,High_Day,High,Day,27.88902331,34.43945039,0.08,8.173,2220.053441,0.710594315,NN,0.25,0.39575
5,Diffuse,21.27503,-157.7617,W,FALL,High_Day,High,Day,26.97355833,34.5225142,0.08,8.114,2253.270607,0.466408269,Silicate,3.61,4.252375
5,Diffuse,21.27503,-157.7617,W,FALL,High_Day,High,Day,26.97355833,34.5225142,0.08,8.114,2253.270607,0.466408269,NN,0.24,0.39575
6,Diffuse,21.27485,-157.76234,W,FALL,High_Day,High,Day,27.16259166,34.50317659,0.11,8.142,2231.928785,0.523255814,Silicate,4.05,4.252375
6,Diffuse,21.27485,-157.76234,W,FALL,High_Day,High,Day,27.16259166,34.50317659,0.11,8.142,2231.928785,0.523255814,NN,0.35,0.39575
7,Diffuse,21.27463,-157.76318,W,FALL,High_Day,High,Day,27.42211556,34.51592183,0.13,8.154,2227.731898,0.485788114,Silicate,3.76,4.252375
7,Diffuse,21.27463,-157.76318,W,FALL,High_Day,High,Day,27.42211556,34.51592183,0.13,8.154,2227.731898,0.485788114,NN,0.12,0.39575
8,Diffuse,21.27436,-157.76364,W,FALL,High_Day,High,Day,27.65231627,34.53965435,0.12,8.15,2238.532837,0.416020672,Silicate,3.22,4.252375
8,Diffuse,21.27436,-157.76364,W,FALL,High_Day,High,Day,27.65231627,34.53965435,0.12,8.15,2238.532837,0.416020672,NN,0.04,0.39575
9,Diffuse,21.27456,-157.76126,W,FALL,High_Day,High,Day,27.48360478,34.54668621,0.09,8.111,2234.152534,0.395348837,Silicate,3.06,4.252375
9,Diffuse,21.27456,-157.76126,W,FALL,High_Day,High,Day,27.48360478,34.54668621,0.09,8.111,2234.152534,0.395348837,NN,0.2,0.39575
10,Diffuse,21.27427,-157.76208,W,FALL,High_Day,High,Day,27.27202689,34.53789639,0.07,8.128,2219.513637,0.42118863,Silicate,3.26,4.252375
10,Diffuse,21.27427,-157.76208,W,FALL,High_Day,High,Day,27.27202689,34.53789639,0.07,8.128,2219.513637,0.42118863,NN,0.22,0.39575
11,Diffuse,21.27399,-157.76295,W,FALL,High_Day,High,Day,27.3170607,34.52910657,0.09,8.135,2206.974224,0.447028424,Silicate,3.46,4.252375
11,Diffuse,21.27399,-157.76295,W,FALL,High_Day,High,Day,27.3170607,34.52910657,0.09,8.135,2206.974224,0.447028424,NN,0.68,0.39575
12,Diffuse,21.27377,-157.76344,W,FALL,High_Day,High,Day,27.48468849,34.54317028,0.09,8.194,2231.540629,0.405684755,Silicate,3.14,4.252375
12,Diffuse,21.27377,-157.76344,W,FALL,High_Day,High,Day,27.48468849,34.54317028,0.09,8.194,2231.540629,0.405684755,NN,0.21,0.39575
13,Ambient,21.27353,-157.76089,W,FALL,High_Day,High,Day,27.68477446,34.57613211,0.08,8.199,2235.314033,0.30878553,Silicate,2.39,4.252375
13,Ambient,21.27353,-157.76089,W,FALL,High_Day,High,Day,27.68477446,34.57613211,0.08,8.199,2235.314033,0.30878553,NN,0.14,0.39575
14,Ambient,21.27328,-157.76164,W,FALL,High_Day,High,Day,27.50769411,34.58448244,0.08,8.171,2231.773561,0.284237726,Silicate,2.2,4.252375
14,Ambient,21.27328,-157.76164,W,FALL,High_Day,High,Day,27.50769411,34.58448244,0.08,8.171,2231.773561,0.284237726,NN,0.17,0.39575
15,Ambient,21.27309,-157.76244,W,FALL,High_Day,High,Day,27.34219822,34.5765716,0.08,8.152,2244.596967,0.30749354,Silicate,2.38,4.252375
15,Ambient,21.27309,-157.76244,W,FALL,High_Day,High,Day,27.34219822,34.5765716,0.08,8.152,2244.596967,0.30749354,NN,0.11,0.39575
16,Ambient,21.27288,-157.76306,W,FALL,High_Day,High,Day,27.43287305,34.55635501,0.1,8.141,2225.157422,0.366925065,Silicate,2.84,4.252375
16,Ambient,21.27288,-157.76306,W,FALL,High_Day,High,Day,27.43287305,34.55635501,0.1,8.141,2225.157422,0.366925065,NN,0.12,0.39575
17,Ambient,21.27254,-157.76073,W,FALL,High_Day,High,Day,27.22096664,34.60689649,0.12,8.17,2242.445381,0.218346253,Silicate,1.69,4.252375
17,Ambient,21.27254,-157.76073,W,FALL,High_Day,High,Day,27.22096664,34.60689649,0.12,8.17,2242.445381,0.218346253,NN,0.15,0.39575
18,Ambient,21.27214,-157.76118,W,FALL,High_Day,High,Day,27.39999941,34.60294107,0.11,8.165,2244.10175,0.22997416,Silicate,1.78,4.252375
18,Ambient,21.27214,-157.76118,W,FALL,High_Day,High,Day,27.39999941,34.60294107,0.11,8.165,2244.10175,0.22997416,NN,0.2,0.39575
19,Ambient,21.27206,-157.76196,W,FALL,High_Day,High,Day,27.94864676,34.61304936,0.15,8.112,2260.206592,0.200258398,Silicate,1.55,4.252375
19,Ambient,21.27206,-157.76196,W,FALL,High_Day,High,Day,27.94864676,34.61304936,0.15,8.112,2260.206592,0.200258398,NN,0.14,0.39575
20,Ambient,21.27185,-157.76279,W,FALL,High_Day,High,Day,28.49729411,34.59678819,0.12,8.139,2254.998379,0.248062016,Silicate,1.92,4.252375
20,Ambient,21.27185,-157.76279,W,FALL,High_Day,High,Day,28.49729411,34.59678819,0.12,8.139,2254.998379,0.248062016,NN,0.27,0.39575
1,Transition,21.27531,-157.76181,W,FALL,Low_Night,Low,Night,24.4424524,28.02024372,0.49,7.964,2155.302454,19.58139535,Silicate,151.56,24.96975
1,Transition,21.27531,-157.76181,W,FALL,Low_Night,Low,Night,24.4424524,28.02024372,0.49,7.964,2155.302454,19.58139535,NN,6.98,2.604625
2,Transition,21.27523,-157.76265,W,FALL,Low_Night,Low,Night,24.17257622,25.96034904,0.62,8.006,2133.421493,25.6369509,Silicate,198.43,24.96975
2,Transition,21.27523,-157.76265,W,FALL,Low_Night,Low,Night,24.17257622,25.96034904,0.62,8.006,2133.421493,25.6369509,NN,11.69,2.604625
3,Transition,21.27504,-157.76328,W,FALL,Low_Night,Low,Night,24.81139318,30.53896708,0.36,8.008,2205.1881,12.17700258,Silicate,94.25,24.96975
3,Transition,21.27504,-157.76328,W,FALL,Low_Night,Low,Night,24.81139318,30.53896708,0.36,8.008,2205.1881,12.17700258,NN,4.08,2.604625
4,Transition,21.27449,-157.76402,W,FALL,Low_Night,Low,Night,25.62518103,33.16097084,0.18,7.97,2249.618001,4.468992248,Silicate,34.59,24.96975
4,Transition,21.27449,-157.76402,W,FALL,Low_Night,Low,Night,25.62518103,33.16097084,0.18,7.97,2249.618001,4.468992248,NN,0.76,2.604625
5,Diffuse,21.27503,-157.7617,W,FALL,Low_Night,Low,Night,24.45273464,28.02859405,0.49,7.999,2129.366609,19.55684755,Silicate,151.37,24.96975
5,Diffuse,21.27503,-157.7617,W,FALL,Low_Night,Low,Night,24.45273464,28.02859405,0.49,7.999,2129.366609,19.55684755,NN,7.39,2.604625
6,Diffuse,21.27485,-157.76234,W,FALL,Low_Night,Low,Night,25.04213669,32.3602181,0.22,7.963,2207.789729,6.822997416,Silicate,52.81,24.96975
6,Diffuse,21.27485,-157.76234,W,FALL,Low_Night,Low,Night,25.04213669,32.3602181,0.22,7.963,2207.789729,6.822997416,NN,2.14,2.604625
7,Diffuse,21.27463,-157.76318,W,FALL,Low_Night,Low,Night,25.28877011,33.64045561,0.15,7.995,2237.131953,3.059431525,Silicate,23.68,24.96975
7,Diffuse,21.27463,-157.76318,W,FALL,Low_Night,Low,Night,25.28877011,33.64045561,0.15,7.995,2237.131953,3.059431525,NN,0.82,2.604625
8,Diffuse,21.27436,-157.76364,W,FALL,Low_Night,Low,Night,25.46793771,33.91074262,0.13,7.954,2252.364904,2.264857881,Silicate,17.53,24.96975
8,Diffuse,21.27436,-157.76364,W,FALL,Low_Night,Low,Night,25.46793771,33.91074262,0.13,7.954,2252.364904,2.264857881,NN,0.42,2.604625
9,Diffuse,21.27456,-157.76126,W,FALL,Low_Night,Low,Night,26.60597928,32.41032009,0.16,7.956,2213.643995,6.675710594,Silicate,51.67,24.96975
9,Diffuse,21.27456,-157.76126,W,FALL,Low_Night,Low,Night,26.60597928,32.41032009,0.16,7.956,2213.643995,6.675710594,NN,1.01,2.604625
10,Diffuse,21.27427,-157.76208,W,FALL,Low_Night,Low,Night,25.4691375,34.45219563,0.09,8.012,2234.700866,0.673126615,Silicate,5.21,24.96975
10,Diffuse,21.27427,-157.76208,W,FALL,Low_Night,Low,Night,25.4691375,34.45219563,0.09,8.012,2234.700866,0.673126615,NN,0.45,2.604625
11,Diffuse,21.27399,-157.76295,W,FALL,Low_Night,Low,Night,25.48436687,34.47592815,0.08,8.008,2245.851148,0.603359173,Silicate,4.67,24.96975
11,Diffuse,21.27399,-157.76295,W,FALL,Low_Night,Low,Night,25.48436687,34.47592815,0.08,8.008,2245.851148,0.603359173,NN,0.3,2.604625
12,Diffuse,21.27377,-157.76344,W,FALL,Low_Night,Low,Night,25.47615229,34.39198535,0.09,8.002,2237.72937,0.850129199,Silicate,6.58,24.96975
12,Diffuse,21.27377,-157.76344,W,FALL,Low_Night,Low,Night,25.47615229,34.39198535,0.09,8.002,2237.72937,0.850129199,NN,0.25,2.604625
13,Ambient,21.27353,-157.76089,W,FALL,Low_Night,Low,Night,25.8971684,34.557234,0.08,8.052,2220.377584,0.364341085,Silicate,2.82,24.96975
13,Ambient,21.27353,-157.76089,W,FALL,Low_Night,Low,Night,25.8971684,34.557234,0.08,8.052,2220.377584,0.364341085,NN,0.15,2.604625
14,Ambient,21.27328,-157.76164,W,FALL,Low_Night,Low,Night,25.63735834,34.59107481,0.07,7.987,2244.502057,0.264857881,Silicate,2.05,24.96975
14,Ambient,21.27328,-157.76164,W,FALL,Low_Night,Low,Night,25.63735834,34.59107481,0.07,7.987,2244.502057,0.264857881,NN,0.09,2.604625
15,Ambient,21.27309,-157.76244,W,FALL,Low_Night,Low,Night,25.65576359,34.56558433,0.06,8.039,2216.418806,0.339793282,Silicate,2.63,24.96975
15,Ambient,21.27309,-157.76244,W,FALL,Low_Night,Low,Night,25.65576359,34.56558433,0.06,8.039,2216.418806,0.339793282,NN,0.12,2.604625
16,Ambient,21.27288,-157.76306,W,FALL,Low_Night,Low,Night,25.64365472,34.56074992,0.09,8.04,2248.676797,0.354005168,Silicate,2.74,24.96975
16,Ambient,21.27288,-157.76306,W,FALL,Low_Night,Low,Night,25.64365472,34.56074992,0.09,8.04,2248.676797,0.354005168,NN,0.16,2.604625
17,Ambient,21.27254,-157.76073,W,FALL,Low_Night,Low,Night,26.45559787,34.63018951,0.1,8.005,2263.444971,0.149870801,Silicate,1.16,24.96975
17,Ambient,21.27254,-157.76073,W,FALL,Low_Night,Low,Night,26.45559787,34.63018951,0.1,8.005,2263.444971,0.149870801,NN,0.18,2.604625
18,Ambient,21.27214,-157.76118,W,FALL,Low_Night,Low,Night,26.73234029,34.6359029,0.1,8.001,2248.438919,0.133074935,Silicate,1.03,24.96975
18,Ambient,21.27214,-157.76118,W,FALL,Low_Night,Low,Night,26.73234029,34.6359029,0.1,8.001,2248.438919,0.133074935,NN,0.17,2.604625
19,Ambient,21.27206,-157.76196,W,FALL,Low_Night,Low,Night,26.78095108,34.6359029,0.09,8.003,2265.104985,0.133074935,Silicate,1.03,24.96975
19,Ambient,21.27206,-157.76196,W,FALL,Low_Night,Low,Night,26.78095108,34.6359029,0.09,8.003,2265.104985,0.133074935,NN,0.08,2.604625
20,Ambient,21.27185,-157.76279,W,FALL,Low_Night,Low,Night,26.82956186,34.59019583,0.07,8.022,2247.691473,0.26744186,Silicate,2.07,24.96975
20,Ambient,21.27185,-157.76279,W,FALL,Low_Night,Low,Night,26.82956186,34.59019583,0.07,8.022,2247.691473,0.26744186,NN,0.08,2.604625
1,Transition,21.27531,-157.76181,W,FALL,High_Night,High,Night,25.68967338,34.39330382,0.09,7.963,2239.324994,0.84625323,Silicate,6.55,4.252375
1,Transition,21.27531,-157.76181,W,FALL,High_Night,High,Night,25.68967338,34.39330382,0.09,7.963,2239.324994,0.84625323,NN,0.35,0.39575
2,Transition,21.27523,-157.76265,W,FALL,High_Night,High,Night,25.09458918,33.76834751,0.15,7.948,2262.677419,2.683462532,Silicate,20.77,4.252375
2,Transition,21.27523,-157.76265,W,FALL,High_Night,High,Night,25.09458918,33.76834751,0.15,7.948,2262.677419,2.683462532,NN,1.4,0.39575
3,Transition,21.27504,-157.76328,W,FALL,High_Night,High,Night,24.9418639,33.73670416,0.12,7.861,2255.300778,2.776485788,Silicate,21.49,4.252375
3,Transition,21.27504,-157.76328,W,FALL,High_Night,High,Night,24.9418639,33.73670416,0.12,7.861,2255.300778,2.776485788,NN,1.2,0.39575
4,Transition,21.27449,-157.76402,W,FALL,High_Night,High,Night,25.321412810000002,34.06104857,0.07,7.928,2266.715279,1.822997416,Silicate,14.11,4.252375
4,Transition,21.27449,-157.76402,W,FALL,High_Night,High,Night,25.321412810000002,34.06104857,0.07,7.928,2266.715279,1.822997416,NN,0.42,0.39575
5,Diffuse,21.27503,-157.7617,W,FALL,High_Night,High,Night,25.65252817,34.48515746,0.11,7.964,2251.264292,0.57622739,Silicate,4.46,4.252375
5,Diffuse,21.27503,-157.7617,W,FALL,High_Night,High,Night,25.65252817,34.48515746,0.11,7.964,2251.264292,0.57622739,NN,0.29,0.39575
6,Diffuse,21.27485,-157.76234,W,FALL,High_Night,High,Night,25.5747585,34.34364133,0.21,7.947,2258.76146,0.992248062,Silicate,7.68,4.252375
6,Diffuse,21.27485,-157.76234,W,FALL,High_Night,High,Night,25.5747585,34.34364133,0.21,7.947,2258.76146,0.992248062,NN,0.57,0.39575
7,Diffuse,21.27463,-157.76318,W,FALL,High_Night,High,Night,25.35710456,34.42714464,0.1,7.943,2266.833129,0.746770026,Silicate,5.78,4.252375
7,Diffuse,21.27463,-157.76318,W,FALL,High_Night,High,Night,25.35710456,34.42714464,0.1,7.943,2266.833129,0.746770026,NN,0.24,0.39575
8,Diffuse,21.27436,-157.76364,W,FALL,High_Night,High,Night,25.30856245,34.38011909,0.1,7.929,2249.646663,0.88501292,Silicate,6.85,4.252375
8,Diffuse,21.27436,-157.76364,W,FALL,High_Night,High,Night,25.30856245,34.38011909,0.1,7.929,2249.646663,0.88501292,NN,0.33,0.39575
9,Diffuse,21.27456,-157.76126,W,FALL,High_Night,High,Night,26.42200645,34.54185181,0.09,7.948,2259.562288,0.409560724,Silicate,3.17,4.252375
9,Diffuse,21.27456,-157.76126,W,FALL,High_Night,High,Night,26.42200645,34.54185181,0.09,7.948,2259.562288,0.409560724,NN,0.24,0.39575
10,Diffuse,21.27427,-157.76208,W,FALL,High_Night,High,Night,25.65082403,34.5075715,0.09,7.94,2263.486124,0.510335917,Silicate,3.95,4.252375
10,Diffuse,21.27427,-157.76208,W,FALL,High_Night,High,Night,25.65082403,34.5075715,0.09,7.94,2263.486124,0.510335917,NN,0.25,0.39575
11,Diffuse,21.27399,-157.76295,W,FALL,High_Night,High,Night,25.41696805,34.50581354,0.08,7.916,2257.603516,0.515503876,Silicate,3.99,4.252375
11,Diffuse,21.27399,-157.76295,W,FALL,High_Night,High,Night,25.41696805,34.50581354,0.08,7.916,2257.603516,0.515503876,NN,0.18,0.39575
12,Diffuse,21.27377,-157.76344,W,FALL,High_Night,High,Night,25.36276525,34.54888366,0.11,7.901,2266.414651,0.388888889,Silicate,3.01,4.252375
12,Diffuse,21.27377,-157.76344,W,FALL,High_Night,High,Night,25.36276525,34.54888366,0.11,7.901,2266.414651,0.388888889,NN,0.13,0.39575
13,Ambient,21.27353,-157.76089,W,FALL,High_Night,High,Night,26.48281306,34.59898565,0.12,7.977,2281.690363,0.241602067,Silicate,1.87,4.252375
13,Ambient,21.27353,-157.76089,W,FALL,High_Night,High,Night,26.48281306,34.59898565,0.12,7.977,2281.690363,0.241602067,NN,0.15,0.39575
14,Ambient,21.27328,-157.76164,W,FALL,High_Night,High,Night,26.37324359,34.59722768,0.09,7.974,2260.598828,0.246770026,Silicate,1.91,4.252375
14,Ambient,21.27328,-157.76164,W,FALL,High_Night,High,Night,26.37324359,34.59722768,0.09,7.974,2260.598828,0.246770026,NN,0.14,0.39575
15,Ambient,21.27309,-157.76244,W,FALL,High_Night,High,Night,25.90139646,34.60425954,0.09,7.945,2268.553037,0.226098191,Silicate,1.75,4.252375
15,Ambient,21.27309,-157.76244,W,FALL,High_Night,High,Night,25.90139646,34.60425954,0.09,7.945,2268.553037,0.226098191,NN,0.13,0.39575
16,Ambient,21.27288,-157.76306,W,FALL,High_Night,High,Night,25.82313164,34.59019583,0.1,7.926,2261.428824,0.26744186,Silicate,2.07,4.252375
16,Ambient,21.27288,-157.76306,W,FALL,High_Night,High,Night,25.82313164,34.59019583,0.1,7.926,2261.428824,0.26744186,NN,0.14,0.39575
17,Ambient,21.27254,-157.76073,W,FALL,High_Night,High,Night,26.38784991,34.61348885,0.13,8.01,2253.449673,0.198966408,Silicate,1.54,4.252375
17,Ambient,21.27254,-157.76073,W,FALL,High_Night,High,Night,26.38784991,34.61348885,0.13,8.01,2253.449673,0.198966408,NN,0.15,0.39575
18,Ambient,21.27214,-157.76118,W,FALL,High_Night,High,Night,26.52661899,34.61700478,0.11,8.001,2266.47176,0.188630491,Silicate,1.46,4.252375
18,Ambient,21.27214,-157.76118,W,FALL,High_Night,High,Night,26.52661899,34.61700478,0.11,8.001,2266.47176,0.188630491,NN,0.14,0.39575
19,Ambient,21.27206,-157.76196,W,FALL,High_Night,High,Night,26.76743323,34.61964173,0.08,7.936,2255.282957,0.180878553,Silicate,1.4,4.252375
19,Ambient,21.27206,-157.76196,W,FALL,High_Night,High,Night,26.76743323,34.61964173,0.08,7.936,2255.282957,0.180878553,NN,0.09,0.39575
20,Ambient,21.27185,-157.76279,W,FALL,High_Night,High,Night,27.00824746,34.5717372,0.11,7.938,2264.389536,0.321705426,Silicate,2.49,4.252375
20,Ambient,21.27185,-157.76279,W,FALL,High_Night,High,Night,27.00824746,34.5717372,0.11,7.938,2264.389536,0.321705426,NN,0.76,0.39575
24,Transition,21.25873,-157.79053,BP,FALL,Low_Day,Low,Day,26.76143858,32.86348161,0.33,7.967,2332.185876,5.595717884,Silicate,44.43,24.96975
24,Transition,21.25873,-157.79053,BP,FALL,Low_Day,Low,Day,26.76143858,32.86348161,0.33,7.967,2332.185876,5.595717884,NN,6.82,2.604625
28,Transition,21.25846,-157.79051,BP,FALL,Low_Day,Low,Day,26.69573782,33.84424847,0.26,8.082,2286.930259,2.634760705,Silicate,20.92,24.96975
28,Transition,21.25846,-157.79051,BP,FALL,Low_Day,Low,Day,26.69573782,33.84424847,0.26,8.082,2286.930259,2.634760705,NN,3.87,2.604625
40,Transition,21.25834,-157.79048,BP,FALL,Low_Day,Low,Day,27.00614145,33.73870444,0.24,8.08,2269.68769,2.953400504,Silicate,23.45,24.96975
40,Transition,21.25834,-157.79048,BP,FALL,Low_Day,Low,Day,27.00614145,33.73870444,0.24,8.08,2269.68769,2.953400504,NN,5.17,2.604625
32,Diffuse,21.25817,-157.79045,BP,FALL,Low_Day,Low,Day,27.31654507,34.63728879,0.12,8.089,2242.025661,0.240554156,Silicate,1.91,24.96975
32,Diffuse,21.25817,-157.79045,BP,FALL,Low_Day,Low,Day,27.31654507,34.63728879,0.12,8.089,2242.025661,0.240554156,NN,0.14,2.604625
36,Diffuse,21.25784,-157.79033,BP,FALL,Low_Day,Low,Day,27.05741591,34.63979181,0.11,8.062,2243.54534,0.232997481,Silicate,1.85,24.96975
36,Diffuse,21.25784,-157.79033,BP,FALL,Low_Day,Low,Day,27.05741591,34.63979181,0.11,8.062,2243.54534,0.232997481,NN,0.09,2.604625
23,Transition,21.259,-157.79021,BP,FALL,Low_Day,Low,Day,26.86921055,33.41498046,0.27,7.963,2320.817047,3.930730479,Silicate,31.21,24.96975
23,Transition,21.259,-157.79021,BP,FALL,Low_Day,Low,Day,26.86921055,33.41498046,0.27,7.963,2320.817047,3.930730479,NN,5.13,2.604625
27,Transition,21.25889,-157.79007,BP,FALL,Low_Day,Low,Day,26.66101029,33.99359536,0.18,7.879,2275.301599,2.183879093,Silicate,17.34,24.96975
27,Transition,21.25889,-157.79007,BP,FALL,Low_Day,Low,Day,26.66101029,33.99359536,0.18,7.879,2275.301599,2.183879093,NN,1.55,2.604625
39,Diffuse,21.25864,-157.79005,BP,FALL,Low_Day,Low,Day,26.90438398,33.75497407,0.21,8.064,2276.121447,2.904282116,Silicate,23.06,24.96975
39,Diffuse,21.25864,-157.79005,BP,FALL,Low_Day,Low,Day,26.90438398,33.75497407,0.21,8.064,2276.121447,2.904282116,NN,3.43,2.604625
31,Diffuse,21.25853,-157.79005,BP,FALL,Low_Day,Low,Day,27.55117867,33.64484117,0.47,8.075,2258.85078,3.236775819,Silicate,25.7,24.96975
31,Diffuse,21.25853,-157.79005,BP,FALL,Low_Day,Low,Day,27.55117867,33.64484117,0.47,8.075,2258.85078,3.236775819,NN,5.28,2.604625
35,Diffuse,21.25809,-157.78984,BP,FALL,Low_Day,Low,Day,27.0354885,32.82426762,0.31,8.057,2254.674753,5.714105793,Silicate,45.37,24.96975
35,Diffuse,21.25809,-157.78984,BP,FALL,Low_Day,Low,Day,27.0354885,32.82426762,0.31,8.057,2254.674753,5.714105793,NN,6.15,2.604625
22,Diffuse,21.25931,-157.78983,BP,FALL,Low_Day,Low,Day,26.79420944,32.83761706,0.3,7.985,2331.331611,5.673803526,Silicate,45.05,24.96975
22,Diffuse,21.25931,-157.78983,BP,FALL,Low_Day,Low,Day,26.79420944,32.83761706,0.3,7.985,2331.331611,5.673803526,NN,5.9,2.604625
26,Diffuse,21.25891,-157.78981,BP,FALL,Low_Day,Low,Day,26.55823033,33.9664793,0.23,7.973,2307.713267,2.265743073,Silicate,17.99,24.96975
26,Diffuse,21.25891,-157.78981,BP,FALL,Low_Day,Low,Day,26.55823033,33.9664793,0.23,7.973,2307.713267,2.265743073,NN,4.39,2.604625
38,Diffuse,21.25893,-157.78972,BP,FALL,Low_Day,Low,Day,26.57201624,34.10539694,0.12,7.993,2330.784967,1.846347607,Silicate,14.66,24.96975
38,Diffuse,21.25893,-157.78972,BP,FALL,Low_Day,Low,Day,26.57201624,34.10539694,0.12,7.993,2330.784967,1.846347607,NN,0.89,2.604625
30,Diffuse,21.25857,-157.78987,BP,FALL,Low_Day,Low,Day,27.22778133,33.47171559,0.26,8.057,2304.378372,3.759445844,Silicate,29.85,24.96975
30,Diffuse,21.25857,-157.78987,BP,FALL,Low_Day,Low,Day,27.22778133,33.47171559,0.26,8.057,2304.378372,3.759445844,NN,5.47,2.604625
34,Diffuse,21.25832,-157.78957,BP,FALL,Low_Day,Low,Day,27.13163491,33.95187835,0.19,8.073,2264.791301,2.309823678,Silicate,18.34,24.96975
34,Diffuse,21.25832,-157.78957,BP,FALL,Low_Day,Low,Day,27.13163491,33.95187835,0.19,8.073,2264.791301,2.309823678,NN,3.57,2.604625
21,Ambient,21.2598,-157.78912,BP,FALL,Low_Day,Low,Day,27.10562886,34.59932631,0.09,8.011,2264.357533,0.355163728,Silicate,2.82,24.96975
21,Ambient,21.2598,-157.78912,BP,FALL,Low_Day,Low,Day,27.10562886,34.59932631,0.09,8.011,2264.357533,0.355163728,NN,0.14,2.604625
25,Ambient,21.25954,-157.78909,BP,FALL,Low_Day,Low,Day,27.24601463,34.62519086,0.1,8.035,2267.318516,0.277078086,Silicate,2.2,24.96975
25,Ambient,21.25954,-157.78909,BP,FALL,Low_Day,Low,Day,27.24601463,34.62519086,0.1,8.035,2267.318516,0.277078086,NN,0.06,2.604625
37,Ambient,21.25962,-157.7888,BP,FALL,Low_Day,Low,Day,26.96524308,34.61476161,0.09,8.032,2265.980562,0.308564232,Silicate,2.45,24.96975
37,Ambient,21.25962,-157.7888,BP,FALL,Low_Day,Low,Day,26.96524308,34.61476161,0.09,8.032,2265.980562,0.308564232,NN,0.02,2.604625
29,Ambient,21.25939,-157.78873,BP,FALL,Low_Day,Low,Day,26.76421938,33.11795536,0.32,8.019,2241.769351,4.827455919,Silicate,38.33,24.96975
29,Ambient,21.25939,-157.78873,BP,FALL,Low_Day,Low,Day,26.76421938,33.11795536,0.32,8.019,2241.769351,4.827455919,NN,8.99,2.604625
33,Ambient,21.25885,-157.788902,BP,FALL,Low_Day,Low,Day,26.94792715,34.61559595,0.12,8.107,2240.192809,0.30604534,Silicate,2.43,24.96975
33,Ambient,21.25885,-157.788902,BP,FALL,Low_Day,Low,Day,26.94792715,34.61559595,0.12,8.107,2240.192809,0.30604534,NN,0.26,2.604625
24,Transition,21.25873,-157.79053,BP,FALL,High_Day,High,Day,28.80420676,34.56845573,0.12,8.238,2247.418868,0.44836272,Silicate,3.56,4.252375
24,Transition,21.25873,-157.79053,BP,FALL,High_Day,High,Day,28.80420676,34.56845573,0.12,8.238,2247.418868,0.44836272,NN,0.37,0.39575
28,Transition,21.25846,-157.79051,BP,FALL,High_Day,High,Day,27.86263556,34.46916925,0.13,8.184,2251.2056470000002,0.748110831,Silicate,5.94,4.252375
28,Transition,21.25846,-157.79051,BP,FALL,High_Day,High,Day,27.86263556,34.46916925,0.13,8.184,2251.2056470000002,0.748110831,NN,0.63,0.39575
40,Transition,21.25834,-157.79048,BP,FALL,High_Day,High,Day,27.93680125,34.61142425,0.12,8.174,2254.218952,0.318639798,Silicate,2.53,4.252375
40,Transition,21.25834,-157.79048,BP,FALL,High_Day,High,Day,27.93680125,34.61142425,0.12,8.174,2254.218952,0.318639798,NN,0.27,0.39575
32,Diffuse,21.25817,-157.79045,BP,FALL,High_Day,High,Day,28.01096694,34.58347385,0.12,8.181,2263.962936,0.40302267,Silicate,3.2,4.252375
32,Diffuse,21.25817,-157.79045,BP,FALL,High_Day,High,Day,28.01096694,34.58347385,0.12,8.181,2263.962936,0.40302267,NN,0.41,0.39575
36,Diffuse,21.25784,-157.79033,BP,FALL,High_Day,High,Day,27.89482354,34.46458038,0.13,8.205,2240.933924,0.761964736,Silicate,6.05,4.252375
36,Diffuse,21.25784,-157.79033,BP,FALL,High_Day,High,Day,27.89482354,34.46458038,0.13,8.205,2240.933924,0.761964736,NN,0.47,0.39575
23,Transition,21.259,-157.79021,BP,FALL,High_Day,High,Day,28.34277982,34.59849197,0.12,8.159,2232.993566,0.35768262,Silicate,2.84,4.252375
23,Transition,21.259,-157.79021,BP,FALL,High_Day,High,Day,28.34277982,34.59849197,0.12,8.159,2232.993566,0.35768262,NN,0.48,0.39575
27,Transition,21.25889,-157.79007,BP,FALL,High_Day,High,Day,27.80863216,34.58430819,0.11,8.16,2253.612321,0.400503778,Silicate,3.18,4.252375
27,Transition,21.25889,-157.79007,BP,FALL,High_Day,High,Day,27.80863216,34.58430819,0.11,8.16,2253.612321,0.400503778,NN,0.18,0.39575
39,Diffuse,21.25864,-157.79005,BP,FALL,High_Day,High,Day,27.53207537,34.58514253,0.15,8.161,2242.801505,0.397984887,Silicate,3.16,4.252375
39,Diffuse,21.25864,-157.79005,BP,FALL,High_Day,High,Day,27.53207537,34.58514253,0.15,8.161,2242.801505,0.397984887,NN,0.29,0.39575
31,Diffuse,21.25853,-157.79005,BP,FALL,High_Day,High,Day,28.13003202,34.63728879,0.12,8.154,2242.367666,0.240554156,Silicate,1.91,4.252375
31,Diffuse,21.25853,-157.79005,BP,FALL,High_Day,High,Day,28.13003202,34.63728879,0.12,8.154,2242.367666,0.240554156,NN,0.12,0.39575
35,Diffuse,21.25809,-157.78984,BP,FALL,High_Day,High,Day,27.96183195,34.61559595,0.12,8.192,2243.444413,0.30604534,Silicate,2.43,4.252375
35,Diffuse,21.25809,-157.78984,BP,FALL,High_Day,High,Day,27.96183195,34.61559595,0.12,8.192,2243.444413,0.30604534,NN,0.25,0.39575
22,Diffuse,21.25931,-157.78983,BP,FALL,High_Day,High,Day,27.79777626,34.61058991,0.13,8.237,2246.246271,0.32115869,Silicate,2.55,4.252375
22,Diffuse,21.25931,-157.78983,BP,FALL,High_Day,High,Day,27.79777626,34.61058991,0.13,8.237,2246.246271,0.32115869,NN,0.23,0.39575
26,Diffuse,21.25891,-157.78981,BP,FALL,High_Day,High,Day,27.42398694,34.6260252,0.11,8.148,2256.83964,0.274559194,Silicate,2.18,4.252375
26,Diffuse,21.25891,-157.78981,BP,FALL,High_Day,High,Day,27.42398694,34.6260252,0.11,8.148,2256.83964,0.274559194,NN,0.18,0.39575
38,Diffuse,21.25893,-157.78972,BP,FALL,High_Day,High,Day,27.32303057,34.61851614,0.11,8.127,2242.669672,0.297229219,Silicate,2.36,4.252375
38,Diffuse,21.25893,-157.78972,BP,FALL,High_Day,High,Day,27.32303057,34.61851614,0.11,8.127,2242.669672,0.297229219,NN,0.27,0.39575
30,Diffuse,21.25857,-157.78987,BP,FALL,High_Day,High,Day,27.8310537,34.55135175,0.15,8.148,2260.144041,0.5,Silicate,3.97,4.252375
30,Diffuse,21.25857,-157.78987,BP,FALL,High_Day,High,Day,27.8310537,34.55135175,0.15,8.148,2260.144041,0.5,NN,1.19,0.39575
34,Diffuse,21.25832,-157.78957,BP,FALL,High_Day,High,Day,27.89644282,34.64521502,0.11,8.021,2299.97428,0.216624685,Silicate,1.72,4.252375
34,Diffuse,21.25832,-157.78957,BP,FALL,High_Day,High,Day,27.89644282,34.64521502,0.11,8.021,2299.97428,0.216624685,NN,0.11,0.39575
21,Ambient,21.2598,-157.78912,BP,FALL,High_Day,High,Day,27.50866273,34.61726463,0.12,8.126,2240.160568,0.301007557,Silicate,2.39,4.252375
21,Ambient,21.2598,-157.78912,BP,FALL,High_Day,High,Day,27.50866273,34.61726463,0.12,8.126,2240.160568,0.301007557,NN,0.13,0.39575
25,Ambient,21.25954,-157.78909,BP,FALL,High_Day,High,Day,27.69213699,34.63061407,0.11,8.103,2274.232202,0.26070529,Silicate,2.07,4.252375
25,Ambient,21.25954,-157.78909,BP,FALL,High_Day,High,Day,27.69213699,34.63061407,0.11,8.103,2274.232202,0.26070529,NN,0.13,0.39575
37,Ambient,21.25962,-157.7888,BP,FALL,High_Day,High,Day,27.32518847,34.63103124,0.1,8.097,2257.036208,0.259445844,Silicate,2.06,4.252375
37,Ambient,21.25962,-157.7888,BP,FALL,High_Day,High,Day,27.32518847,34.63103124,0.1,8.097,2257.036208,0.259445844,NN,0.11,0.39575
29,Ambient,21.25939,-157.78873,BP,FALL,High_Day,High,Day,27.02672311,34.61976765,0.1,8.102,2266.276492,0.293450882,Silicate,2.33,4.252375
29,Ambient,21.25939,-157.78873,BP,FALL,High_Day,High,Day,27.02672311,34.61976765,0.1,8.102,2266.276492,0.293450882,NN,0.12,0.39575
33,Ambient,21.25885,-157.788902,BP,FALL,High_Day,High,Day,27.46158297,34.63186558,0.13,8.097,2272.939258,0.256926952,Silicate,2.04,4.252375
33,Ambient,21.25885,-157.788902,BP,FALL,High_Day,High,Day,27.46158297,34.63186558,0.13,8.097,2272.939258,0.256926952,NN,0.36,0.39575
24,Transition,21.25873,-157.79053,BP,FALL,Low_Night,Low,Night,26.60019207,33.1354765,0.45,7.965,2309.720093,4.774559194,Silicate,37.91,24.96975
24,Transition,21.25873,-157.79053,BP,FALL,Low_Night,Low,Night,26.60019207,33.1354765,0.45,7.965,2309.720093,4.774559194,NN,9.23,2.604625
28,Transition,21.25846,-157.79051,BP,FALL,Low_Night,Low,Night,26.14964391,33.71659442,0.35,7.97,2284.595236,3.020151134,Silicate,23.98,24.96975
28,Transition,21.25846,-157.79051,BP,FALL,Low_Night,Low,Night,26.14964391,33.71659442,0.35,7.97,2284.595236,3.020151134,NN,5.75,2.604625
40,Transition,21.25834,-157.79048,BP,FALL,Low_Night,Low,Night,26.34236521,34.34735558,0.19,7.97,2293.36831,1.115869018,Silicate,8.86,24.96975
40,Transition,21.25834,-157.79048,BP,FALL,Low_Night,Low,Night,26.34236521,34.34735558,0.19,7.97,2293.36831,1.115869018,NN,2.07,2.604625
32,Diffuse,21.25817,-157.79045,BP,FALL,Low_Night,Low,Night,26.53508651,34.59098291,0.12,7.978,2263.5227,0.380352645,Silicate,3.02,24.96975
32,Diffuse,21.25817,-157.79045,BP,FALL,Low_Night,Low,Night,26.53508651,34.59098291,0.12,7.978,2263.5227,0.380352645,NN,0.38,2.604625
36,Diffuse,21.25784,-157.79033,BP,FALL,Low_Night,Low,Night,26.49456815,34.61643029,0.11,8.008,2298.111629,0.303526448,Silicate,2.41,24.96975
36,Diffuse,21.25784,-157.79033,BP,FALL,Low_Night,Low,Night,26.49456815,34.61643029,0.11,8.008,2298.111629,0.303526448,NN,0.14,2.604625
23,Transition,21.259,-157.79021,BP,FALL,Low_Night,Low,Night,27.23597384,33.10043422,0.34,7.975,2304.653299,4.880352645,Silicate,38.75,24.96975
23,Transition,21.259,-157.79021,BP,FALL,Low_Night,Low,Night,27.23597384,33.10043422,0.34,7.975,2304.653299,4.880352645,NN,6.73,2.604625
27,Transition,21.25889,-157.79007,BP,FALL,Low_Night,Low,Night,26.48220751,32.89602088,0.37,7.953,2317.478024,5.497481108,Silicate,43.65,24.96975
27,Transition,21.25889,-157.79007,BP,FALL,Low_Night,Low,Night,26.48220751,32.89602088,0.37,7.953,2317.478024,5.497481108,NN,9.31,2.604625
39,Diffuse,21.25864,-157.79005,BP,FALL,Low_Night,Low,Night,26.16875144,32.65990261,0.33,7.968,2310.447481,6.210327456,Silicate,49.31,24.96975
39,Diffuse,21.25864,-157.79005,BP,FALL,Low_Night,Low,Night,26.16875144,32.65990261,0.33,7.968,2310.447481,6.210327456,NN,7.79,2.604625
31,Diffuse,21.25853,-157.79005,BP,FALL,Low_Night,Low,Night,26.75952595,34.10122524,0.19,7.977,2301.735952,1.858942065,Silicate,14.76,24.96975
31,Diffuse,21.25853,-157.79005,BP,FALL,Low_Night,Low,Night,26.75952595,34.10122524,0.19,7.977,2301.735952,1.858942065,NN,3.47,2.604625
35,Diffuse,21.25809,-157.78984,BP,FALL,Low_Night,Low,Night,26.47511916,34.61851614,0.14,8.002,2270.034481,0.297229219,Silicate,2.36,24.96975
35,Diffuse,21.25809,-157.78984,BP,FALL,Low_Night,Low,Night,26.47511916,34.61851614,0.14,8.002,2270.034481,0.297229219,NN,0.36,2.604625
22,Diffuse,21.25931,-157.78983,BP,FALL,Low_Night,Low,Night,27.06774146,33.63107456,0.27,7.872,2323.055217,3.278337531,Silicate,26.03,24.96975
22,Diffuse,21.25931,-157.78983,BP,FALL,Low_Night,Low,Night,27.06774146,33.63107456,0.27,7.872,2323.055217,3.278337531,NN,5.75,2.604625
26,Diffuse,21.25891,-157.78981,BP,FALL,Low_Night,Low,Night,26.27084599,32.9473328,0.36,7.962,2328.288261,5.34256927,Silicate,42.42,24.96975
26,Diffuse,21.25891,-157.78981,BP,FALL,Low_Night,Low,Night,26.27084599,32.9473328,0.36,7.962,2328.288261,5.34256927,NN,9.27,2.604625
38,Diffuse,21.25893,-157.78972,BP,FALL,Low_Night,Low,Night,26.32914645,32.66866318,0.35,7.954,2340.756951,6.183879093,Silicate,49.1,24.96975
38,Diffuse,21.25893,-157.78972,BP,FALL,Low_Night,Low,Night,26.32914645,32.66866318,0.35,7.954,2340.756951,6.183879093,NN,9.97,2.604625
30,Diffuse,21.25857,-157.78987,BP,FALL,Low_Night,Low,Night,26.4641387,31.43383975,0.56,7.937,2363.733527,9.911838791,Silicate,78.7,24.96975
30,Diffuse,21.25857,-157.78987,BP,FALL,Low_Night,Low,Night,26.4641387,31.43383975,0.56,7.937,2363.733527,9.911838791,NN,18.91,2.604625
34,Diffuse,21.25832,-157.78957,BP,FALL,Low_Night,Low,Night,26.46962893,34.61142425,0.11,7.953,2333.262554,0.318639798,Silicate,2.53,24.96975
34,Diffuse,21.25832,-157.78957,BP,FALL,Low_Night,Low,Night,26.46962893,34.61142425,0.11,7.953,2333.262554,0.318639798,NN,0.32,2.604625
21,Ambient,21.2598,-157.78912,BP,FALL,Low_Night,Low,Night,26.55552153,34.5605295,0.14,7.966,2258.936004,0.472292191,Silicate,3.75,24.96975
21,Ambient,21.2598,-157.78912,BP,FALL,Low_Night,Low,Night,26.55552153,34.5605295,0.14,7.966,2258.936004,0.472292191,NN,0.41,2.604625
25,Ambient,21.25954,-157.78909,BP,FALL,Low_Night,Low,Night,26.66196532,34.6385403,0.11,7.979,2243.840258,0.236775819,Silicate,1.88,24.96975
25,Ambient,21.25954,-157.78909,BP,FALL,Low_Night,Low,Night,26.66196532,34.6385403,0.11,7.979,2243.840258,0.236775819,NN,0.13,2.604625
37,Ambient,21.25962,-157.7888,BP,FALL,Low_Night,Low,Night,26.44907773,34.63979181,0.1,7.986352895,2251.215074,0.232997481,Silicate,1.85,24.96975
37,Ambient,21.25962,-157.7888,BP,FALL,Low_Night,Low,Night,26.44907773,34.63979181,0.1,7.986352895,2251.215074,0.232997481,NN,0.11,2.604625
29,Ambient,21.25939,-157.78873,BP,FALL,Low_Night,Low,Night,26.28370408,34.60683537,0.13,7.994422731,2246.641546,0.332493703,Silicate,2.64,24.96975
29,Ambient,21.25939,-157.78873,BP,FALL,Low_Night,Low,Night,26.28370408,34.60683537,0.13,7.994422731,2246.641546,0.332493703,NN,0.24,2.604625
33,Ambient,21.25885,-157.788902,BP,FALL,Low_Night,Low,Night,26.3766665,34.63520294,0.11,7.935437457,2272.420358,0.246851385,Silicate,1.96,24.96975
33,Ambient,21.25885,-157.788902,BP,FALL,Low_Night,Low,Night,26.3766665,34.63520294,0.11,7.935437457,2272.420358,0.246851385,NN,0.11,2.604625
24,Transition,21.25873,-157.79053,BP,FALL,High_Night,High,Night,26.18770102,34.56929007,0.14,7.948460354,2249.425308,0.445843829,Silicate,3.54,4.252375
24,Transition,21.25873,-157.79053,BP,FALL,High_Night,High,Night,26.18770102,34.56929007,0.14,7.948460354,2249.425308,0.445843829,NN,0.37,0.39575
28,Transition,21.25846,-157.79051,BP,FALL,High_Night,High,Night,25.97532077,34.61017274,0.13,7.977855951,2287.415556,0.322418136,Silicate,2.56,4.252375
28,Transition,21.25846,-157.79051,BP,FALL,High_Night,High,Night,25.97532077,34.61017274,0.13,7.977855951,2287.415556,0.322418136,NN,0.25,0.39575
40,Transition,21.25834,-157.79048,BP,FALL,High_Night,High,Night,26.12886004,34.59890914,0.12,7.973693782,2283.299873,0.356423174,Silicate,2.83,4.252375
40,Transition,21.25834,-157.79048,BP,FALL,High_Night,High,Night,26.12886004,34.59890914,0.12,7.973693782,2283.299873,0.356423174,NN,0.37,0.39575
32,Diffuse,21.25817,-157.79045,BP,FALL,High_Night,High,Night,26.2823993,34.62435652,0.12,7.979602367,2287.935858,0.279596977,Silicate,2.22,4.252375
32,Diffuse,21.25817,-157.79045,BP,FALL,High_Night,High,Night,26.2823993,34.62435652,0.12,7.979602367,2287.935858,0.279596977,NN,0.17,0.39575
36,Diffuse,21.25784,-157.79033,BP,FALL,High_Night,High,Night,26.1586899,34.2105238,0.19,7.95973632,2265.708995,1.528967254,Silicate,12.14,4.252375
36,Diffuse,21.25784,-157.79033,BP,FALL,High_Night,High,Night,26.1586899,34.2105238,0.19,7.95973632,2265.708995,1.528967254,NN,2.43,0.39575
23,Transition,21.259,-157.79021,BP,FALL,High_Night,High,Night,26.29858645,34.6343686,0.11,7.971853415,2272.158322,0.249370277,Silicate,1.98,4.252375
23,Transition,21.259,-157.79021,BP,FALL,High_Night,High,Night,26.29858645,34.6343686,0.11,7.971853415,2272.158322,0.249370277,NN,0.1,0.39575
27,Transition,21.25889,-157.79007,BP,FALL,High_Night,High,Night,26.23589757,34.61976765,0.13,7.977504528,2271.308956,0.293450882,Silicate,2.33,4.252375
27,Transition,21.25889,-157.79007,BP,FALL,High_Night,High,Night,26.23589757,34.61976765,0.13,7.977504528,2271.308956,0.293450882,NN,0.25,0.39575
39,Diffuse,21.25864,-157.79005,BP,FALL,High_Night,High,Night,26.07985873,34.63395143,0.1,7.981226515,2298.45,0.250629723,Silicate,1.99,4.252375
39,Diffuse,21.25864,-157.79005,BP,FALL,High_Night,High,Night,26.07985873,34.63395143,0.1,7.981226515,2298.45,0.250629723,NN,0.18,0.39575
31,Diffuse,21.25853,-157.79005,BP,FALL,High_Night,High,Night,26.5916292,34.5450942,0.13,7.975679949,2264.320621,0.518891688,Silicate,4.12,4.252375
31,Diffuse,21.25853,-157.79005,BP,FALL,High_Night,High,Night,26.5916292,34.5450942,0.13,7.975679949,2264.320621,0.518891688,NN,0.46,0.39575
35,Diffuse,21.25809,-157.78984,BP,FALL,High_Night,High,Night,26.09454258,34.63186558,0.12,7.953058009,2263.395711,0.256926952,Silicate,2.04,4.252375
35,Diffuse,21.25809,-157.78984,BP,FALL,High_Night,High,Night,26.09454258,34.63186558,0.12,7.953058009,2263.395711,0.256926952,NN,0.27,0.39575
22,Diffuse,21.25931,-157.78983,BP,FALL,High_Night,High,Night,26.31830068,34.63687162,0.12,7.987136933,2267.586066,0.241813602,Silicate,1.92,4.252375
22,Diffuse,21.25931,-157.78983,BP,FALL,High_Night,High,Night,26.31830068,34.63687162,0.12,7.987136933,2267.586066,0.241813602,NN,0.13,0.39575
26,Diffuse,21.25891,-157.78981,BP,FALL,High_Night,High,Night,26.13841495,34.63645445,0.15,7.993607232,2268.317898,0.243073048,Silicate,1.93,4.252375
26,Diffuse,21.25891,-157.78981,BP,FALL,High_Night,High,Night,26.13841495,34.63645445,0.15,7.993607232,2268.317898,0.243073048,NN,0.45,0.39575
38,Diffuse,21.25893,-157.78972,BP,FALL,High_Night,High,Night,26.04415533,34.62060199,0.11,7.993961285,2308.201796,0.29093199,Silicate,2.31,4.252375
38,Diffuse,21.25893,-157.78972,BP,FALL,High_Night,High,Night,26.04415533,34.62060199,0.11,7.993961285,2308.201796,0.29093199,NN,0.23,0.39575
30,Diffuse,21.25857,-157.78987,BP,FALL,High_Night,High,Night,26.33574397,34.62352218,0.12,7.988899045,2277.28047,0.282115869,Silicate,2.24,4.252375
30,Diffuse,21.25857,-157.78987,BP,FALL,High_Night,High,Night,26.33574397,34.62352218,0.12,7.988899045,2277.28047,0.282115869,NN,0.32,0.39575
34,Diffuse,21.25832,-157.78957,BP,FALL,High_Night,High,Night,26.21514327,33.3515706,0.23,7.957918286,2270.886531,4.122166247,Silicate,32.73,4.252375
34,Diffuse,21.25832,-157.78957,BP,FALL,High_Night,High,Night,26.21514327,33.3515706,0.23,7.957918286,2270.886531,4.122166247,NN,3.78,0.39575
21,Ambient,21.2598,-157.78912,BP,FALL,High_Night,High,Night,26.39607726,34.63937464,0.11,7.979702972,2287.435587,0.234256927,Silicate,1.86,4.252375
21,Ambient,21.2598,-157.78912,BP,FALL,High_Night,High,Night,26.39607726,34.63937464,0.11,7.979702972,2287.435587,0.234256927,NN,0.14,0.39575
25,Ambient,21.25954,-157.78909,BP,FALL,High_Night,High,Night,26.52213592,34.63061407,0.11,7.99735822,2291.088014,0.26070529,Silicate,2.07,4.252375
25,Ambient,21.25954,-157.78909,BP,FALL,High_Night,High,Night,26.52213592,34.63061407,0.11,7.99735822,2291.088014,0.26070529,NN,0.14,0.39575
37,Ambient,21.25962,-157.7888,BP,FALL,High_Night,High,Night,26.2700186,34.08662428,0.2,7.999987512,2261.598973,1.90302267,Silicate,15.11,4.252375
37,Ambient,21.25962,-157.7888,BP,FALL,High_Night,High,Night,26.2700186,34.08662428,0.2,7.999987512,2261.598973,1.90302267,NN,3.48,0.39575
29,Ambient,21.25939,-157.78873,BP,FALL,High_Night,High,Night,26.04433627,34.64104332,0.13,7.99714614,2264.343242,0.229219144,Silicate,1.82,4.252375
29,Ambient,21.25939,-157.78873,BP,FALL,High_Night,High,Night,26.04433627,34.64104332,0.13,7.99714614,2264.343242,0.229219144,NN,0.13,0.39575
33,Ambient,21.25885,-157.788902,BP,FALL,High_Night,High,Night,26.12973977,34.63228275,0.1,7.989379154,2280.975035,0.255667506,Silicate,2.03,4.252375
33,Ambient,21.25885,-157.788902,BP,FALL,High_Night,High,Night,26.12973977,34.63228275,0.1,7.989379154,2280.975035,0.255667506,NN,0.05,0.39575
